{"cameraMode":{"drawMode":0,"name":"Shaded","section":"Shading Mode"},"sceneLighting":true,"audioPlay":false,"sceneViewState":{"m_AlwaysRefresh":false,"showFog":true,"showSkybox":true,"showFlares":true,"showImageEffects":true,"showParticleSystems":true,"showVisualEffectGraphs":true,"m_FxEnabled":true},"in2DMode":false,"pivot":{"x":-127.15874481201172,"y":2.9003021717071535,"z":49.11558151245117},"rotation":{"x":0.010822047479450703,"y":-0.9856152534484863,"z":0.15381647646427155,"w":0.06930430233478546},"size":4.055909633636475,"orthographic":false}