{"cameraMode":{"drawMode":0,"name":"Shaded","section":"Shading Mode"},"sceneLighting":true,"audioPlay":false,"sceneViewState":{"m_AlwaysRefresh":false,"showFog":true,"showSkybox":true,"showFlares":true,"showImageEffects":true,"showParticleSystems":true,"showVisualEffectGraphs":true,"m_FxEnabled":true},"in2DMode":false,"pivot":{"x":-106.33533477783203,"y":20.226314544677736,"z":55.205657958984378},"rotation":{"x":0.07280369848012924,"y":-0.8305079340934753,"z":0.11179929226636887,"w":0.5408063530921936},"size":9.550000190734864,"orthographic":false}