{"cameraMode":{"drawMode":0,"name":"Shaded","section":"Shading Mode"},"sceneLighting":false,"audioPlay":false,"sceneViewState":{"m_AlwaysRefresh":false,"showFog":true,"showSkybox":false,"showFlares":true,"showImageEffects":true,"showParticleSystems":true,"showVisualEffectGraphs":true,"m_FxEnabled":true},"in2DMode":false,"pivot":{"x":-0.27231428027153017,"y":1.0578691959381104,"z":-0.03645866736769676},"rotation":{"x":-0.015474723652005196,"y":0.9389004111289978,"z":-0.04257398098707199,"w":-0.3412465453147888},"size":1.0630146265029908,"orthographic":false}